single_weight_cap,compound_annual_return,calmar_ratio,max_drawdown,absolute_sharpe_or_contract_sharpe,avg_cash_weight,avg_realized_holdings_count,max_realized_weight,p95_max_realized_weight,annual_turnover
none,0.11808420637435257,0.2012639536006627,-0.5867131409365485,0.37808318802581337,0.025799440416179317,14.544901065449011,0.47194390871441855,0.3316737507885578,39.697174842476166
0.2,0.10312319383996038,0.1716600561450287,-0.6007407672803959,0.3309098474619639,0.026560706034586757,15.029680365296803,0.2185068706314724,0.19403371212804424,39.33680273153238
0.15,0.13076596370966032,0.21469062863041785,-0.6090902269179582,0.42392559643105227,0.0284467748369287,15.475646879756468,0.1932524977062795,0.16073868218341927,39.559914700235666
0.1,0.08149754678867871,0.14827465656657884,-0.5496390865156675,0.26652038286804886,0.027356687309904155,15.9779299847793,0.16026690130645224,0.11228482888221153,40.52579244429424
